<?xml version="1.0" encoding="UTF-8"?><page>
      <title>Collaboration Site Dashboard</title>
      <title-id>page.siteDashboard.title</title-id>
      <description>Collaboration site's dashboard page</description>
      <description-id>page.siteDashboard.description</description-id>
      <authentication>user</authentication>
      <template-instance>dashboard-2-columns-wide-right</template-instance>
      <properties>
        <sitePages>[{"pageId":"dashboard"}, {"pageId":"documentlibrary"}]</sitePages>
        <dashboardSitePage>true</dashboardSitePage>
      </properties>
    </page>